country_code_a3,sd_co2_growth,sd_gdpgrowth,vol_ratio
CAN,3.3467288,2.2330382,.66723007
CHN,4.2355304,3.6172032,.85401422
DEU,3.5232556,2.0981143,.5955044
GBR,3.9674547,2.8084397,.70786941
IDN,6.2256546,3.205168,.51483232
IND,3.2003548,3.1618705,.987975
IRN,6.029222,7.6819057,1.2741122
JPN,3.713443,2.6337607,.70925033
KOR,5.7597857,4.2121887,.73130995
RUS,4.1369338,5.9971662,1.4496645
SAU,8.8688507,9.4432945,1.0647709
USA,3.5028293,2.0318732,.58006632
